{"resources":[{"@type":"Symfony\\Component\\Config\\Resource\\FileResource","resource":"/home/gerardo/Documentos/Iliberis/DWES/Symfony/meson/vendor/composer/installed.json"},{"@type":"Symfony\\Component\\Config\\Resource\\FileResource","resource":"/home/gerardo/Documentos/Iliberis/DWES/Symfony/meson/src/Kernel.php"},{"@type":"Symfony\\Component\\Config\\Resource\\ClassExistenceResource","resource":"Symfony\\Component\\Workflow\\DependencyInjection\\WorkflowGuardListenerPass","exists":[false,null]},{"@type":"Symfony\\Component\\Config\\Resource\\ClassExistenceResource","resource":"Symfony\\Component\\Scheduler\\DependencyInjection\\AddScheduleMessengerPass","exists":[false,null]},{"@type":"Symfony\\Component\\Config\\Resource\\FileResource","resource":"/home/gerardo/Documentos/Iliberis/DWES/Symfony/meson/config/bundles.php"},{"@type":"Symfony\\Component\\Config\\Resource\\FileResource","resource":"/home/gerardo/Documentos/Iliberis/DWES/Symfony/meson/config/packages/asset_mapper.yaml"},{"@type":"Symfony\\Component\\Config\\Resource\\FileResource","resource":"/home/gerardo/Documentos/Iliberis/DWES/Symfony/meson/config/packages/cache.yaml"},{"@type":"Symfony\\Component\\Config\\Resource\\FileResource","resource":"/home/gerardo/Documentos/Iliberis/DWES/Symfony/meson/config/packages/csrf.yaml"},{"@type":"Symfony\\Component\\Config\\Resource\\FileResource","resource":"/home/gerardo/Documentos/Iliberis/DWES/Symfony/meson/config/packages/debug.yaml"},{"@type":"Symfony\\Component\\Config\\Resource\\FileResource","resource":"/home/gerardo/Documentos/Iliberis/DWES/Symfony/meson/config/packages/doctrine.yaml"},{"@type":"Symfony\\Component\\Config\\Resource\\FileResource","resource":"/home/gerardo/Documentos/Iliberis/DWES/Symfony/meson/config/packages/doctrine_migrations.yaml"},{"@type":"Symfony\\Component\\Config\\Resource\\FileResource","resource":"/home/gerardo/Documentos/Iliberis/DWES/Symfony/meson/config/packages/framework.yaml"},{"@type":"Symfony\\Component\\Config\\Resource\\FileResource","resource":"/home/gerardo/Documentos/Iliberis/DWES/Symfony/meson/config/packages/knp_paginator.yaml"},{"@type":"Symfony\\Component\\Config\\Resource\\FileResource","resource":"/home/gerardo/Documentos/Iliberis/DWES/Symfony/meson/config/packages/mailer.yaml"},{"@type":"Symfony\\Component\\Config\\Resource\\FileResource","resource":"/home/gerardo/Documentos/Iliberis/DWES/Symfony/meson/config/packages/messenger.yaml"},{"@type":"Symfony\\Component\\Config\\Resource\\FileResource","resource":"/home/gerardo/Documentos/Iliberis/DWES/Symfony/meson/config/packages/monolog.yaml"},{"@type":"Symfony\\Component\\Config\\Resource\\FileResource","resource":"/home/gerardo/Documentos/Iliberis/DWES/Symfony/meson/config/packages/notifier.yaml"},{"@type":"Symfony\\Component\\Config\\Resource\\FileResource","resource":"/home/gerardo/Documentos/Iliberis/DWES/Symfony/meson/config/packages/routing.yaml"},{"@type":"Symfony\\Component\\Config\\Resource\\FileResource","resource":"/home/gerardo/Documentos/Iliberis/DWES/Symfony/meson/config/packages/security.yaml"},{"@type":"Symfony\\Component\\Config\\Resource\\FileResource","resource":"/home/gerardo/Documentos/Iliberis/DWES/Symfony/meson/config/packages/translation.yaml"},{"@type":"Symfony\\Component\\Config\\Resource\\FileResource","resource":"/home/gerardo/Documentos/Iliberis/DWES/Symfony/meson/config/packages/twig.yaml"},{"@type":"Symfony\\Component\\Config\\Resource\\FileResource","resource":"/home/gerardo/Documentos/Iliberis/DWES/Symfony/meson/config/packages/validator.yaml"},{"@type":"Symfony\\Component\\Config\\Resource\\FileResource","resource":"/home/gerardo/Documentos/Iliberis/DWES/Symfony/meson/config/packages/web_profiler.yaml"},{"@type":"Symfony\\Component\\Config\\Resource\\FileResource","resource":"/home/gerardo/Documentos/Iliberis/DWES/Symfony/meson/config/services.yaml"},{"@type":"Symfony\\Component\\Config\\Resource\\ReflectionClassResource","files":{"/home/gerardo/Documentos/Iliberis/DWES/Symfony/meson/src/Controller/AyudaController.php":null},"className":"App\\Controller\\AyudaController","hash":"0049d8b3e9199bb947b4a97b4a0f5283"},{"@type":"Symfony\\Component\\Config\\Resource\\ReflectionClassResource","files":{"/home/gerardo/Documentos/Iliberis/DWES/Symfony/meson/src/Controller/CajaController.php":null},"className":"App\\Controller\\CajaController","hash":"8ff1a03a9cf05f077f940ced4445eb61"},{"@type":"Symfony\\Component\\Config\\Resource\\ReflectionClassResource","files":{"/home/gerardo/Documentos/Iliberis/DWES/Symfony/meson/src/Controller/GastoController.php":null},"className":"App\\Controller\\GastoController","hash":"4b832c4d0a2f4d8b9975f0387e277041"},{"@type":"Symfony\\Component\\Config\\Resource\\ReflectionClassResource","files":{"/home/gerardo/Documentos/Iliberis/DWES/Symfony/meson/src/Controller/LibroController.php":null},"className":"App\\Controller\\LibroController","hash":"ac200d6bf2829a6ae4a4288966efc742"},{"@type":"Symfony\\Component\\Config\\Resource\\ReflectionClassResource","files":{"/home/gerardo/Documentos/Iliberis/DWES/Symfony/meson/src/Controller/ProveedorController.php":null},"className":"App\\Controller\\ProveedorController","hash":"7564f72176c48e35f448932ea8fd76d5"},{"@type":"Symfony\\Component\\Config\\Resource\\ReflectionClassResource","files":{"/home/gerardo/Documentos/Iliberis/DWES/Symfony/meson/src/Controller/RegistrationController.php":null},"className":"App\\Controller\\RegistrationController","hash":"4d64b24da5dd130d855232cd9f46f4b2"},{"@type":"Symfony\\Component\\Config\\Resource\\ReflectionClassResource","files":{"/home/gerardo/Documentos/Iliberis/DWES/Symfony/meson/src/Controller/ResumenController.php":null},"className":"App\\Controller\\ResumenController","hash":"67a96b9c249a1b818a7ef61bd7f78857"},{"@type":"Symfony\\Component\\Config\\Resource\\ReflectionClassResource","files":{"/home/gerardo/Documentos/Iliberis/DWES/Symfony/meson/src/Controller/SecurityController.php":null},"className":"App\\Controller\\SecurityController","hash":"8cbd357cc926b6e13c8f966bfacea91b"},{"@type":"Symfony\\Component\\Config\\Resource\\ReflectionClassResource","files":{"/home/gerardo/Documentos/Iliberis/DWES/Symfony/meson/src/Form/CajaType.php":null},"className":"App\\Form\\CajaType","hash":"e143368e8df4c7a14b8d6db460bc784a"},{"@type":"Symfony\\Component\\Config\\Resource\\ReflectionClassResource","files":{"/home/gerardo/Documentos/Iliberis/DWES/Symfony/meson/src/Form/GastoType.php":null},"className":"App\\Form\\GastoType","hash":"e143368e8df4c7a14b8d6db460bc784a"},{"@type":"Symfony\\Component\\Config\\Resource\\ReflectionClassResource","files":{"/home/gerardo/Documentos/Iliberis/DWES/Symfony/meson/src/Form/LibroType.php":null},"className":"App\\Form\\LibroType","hash":"e143368e8df4c7a14b8d6db460bc784a"},{"@type":"Symfony\\Component\\Config\\Resource\\ReflectionClassResource","files":{"/home/gerardo/Documentos/Iliberis/DWES/Symfony/meson/src/Form/NavegacionType.php":null},"className":"App\\Form\\NavegacionType","hash":"e143368e8df4c7a14b8d6db460bc784a"},{"@type":"Symfony\\Component\\Config\\Resource\\ReflectionClassResource","files":{"/home/gerardo/Documentos/Iliberis/DWES/Symfony/meson/src/Form/ProveedorType.php":null},"className":"App\\Form\\ProveedorType","hash":"e143368e8df4c7a14b8d6db460bc784a"},{"@type":"Symfony\\Component\\Config\\Resource\\ReflectionClassResource","files":{"/home/gerardo/Documentos/Iliberis/DWES/Symfony/meson/src/Form/RegistrationFormType.php":null},"className":"App\\Form\\RegistrationFormType","hash":"e143368e8df4c7a14b8d6db460bc784a"},{"@type":"Symfony\\Component\\Config\\Resource\\ReflectionClassResource","files":{"/home/gerardo/Documentos/Iliberis/DWES/Symfony/meson/src/Repository/CajaRepository.php":null},"className":"App\\Repository\\CajaRepository","hash":"be7961ffab62a0e0e8bce7a600b025d7"},{"@type":"Symfony\\Component\\Config\\Resource\\ReflectionClassResource","files":{"/home/gerardo/Documentos/Iliberis/DWES/Symfony/meson/src/Repository/GastoRepository.php":null},"className":"App\\Repository\\GastoRepository","hash":"7b7f32aa3136458adf11be90aca214df"},{"@type":"Symfony\\Component\\Config\\Resource\\ReflectionClassResource","files":{"/home/gerardo/Documentos/Iliberis/DWES/Symfony/meson/src/Repository/ProveedorRepository.php":null},"className":"App\\Repository\\ProveedorRepository","hash":"7e8fe0b6cfc92dad8804dac0047ebf2f"},{"@type":"Symfony\\Component\\Config\\Resource\\ReflectionClassResource","files":{"/home/gerardo/Documentos/Iliberis/DWES/Symfony/meson/src/Repository/UserRepository.php":null},"className":"App\\Repository\\UserRepository","hash":"9506ea0fa4cf2fc6c298268d3e342904"},{"@type":"Symfony\\Component\\Config\\Resource\\GlobResource","prefix":"/home/gerardo/Documentos/Iliberis/DWES/Symfony/meson/src","pattern":"","recursive":true,"hash":"4d429cc5d95258730cd02b33c4e6f482","forExclusion":false,"excludedPrefixes":{"/home/gerardo/Documentos/Iliberis/DWES/Symfony/meson/src/Entity":true,"/home/gerardo/Documentos/Iliberis/DWES/Symfony/meson/src/Kernel.php":true}},{"@type":"Symfony\\Component\\Config\\Resource\\FileResource","resource":"/home/gerardo/Documentos/Iliberis/DWES/Symfony/meson/composer.json"},{"@type":"Symfony\\Component\\Config\\Resource\\DirectoryResource","resource":"/home/gerardo/Documentos/Iliberis/DWES/Symfony/meson/translations","pattern":null},{"@type":"Symfony\\Component\\Config\\Resource\\FileExistenceResource","exists":false,"resource":"/home/gerardo/Documentos/Iliberis/DWES/Symfony/meson/config/serializer"},{"@type":"Symfony\\Component\\Config\\Resource\\FileExistenceResource","exists":false,"resource":"/home/gerardo/Documentos/Iliberis/DWES/Symfony/meson/config/validator"},{"@type":"Symfony\\Component\\Config\\Resource\\FileExistenceResource","exists":false,"resource":"/home/gerardo/Documentos/Iliberis/DWES/Symfony/meson/templates/bundles/FrameworkBundle"},{"@type":"Symfony\\Component\\Config\\Resource\\FileExistenceResource","exists":false,"resource":"/home/gerardo/Documentos/Iliberis/DWES/Symfony/meson/templates/bundles/DoctrineBundle"},{"@type":"Symfony\\Component\\Config\\Resource\\FileExistenceResource","exists":false,"resource":"/home/gerardo/Documentos/Iliberis/DWES/Symfony/meson/templates/bundles/DoctrineMigrationsBundle"},{"@type":"Symfony\\Component\\Config\\Resource\\FileExistenceResource","exists":false,"resource":"/home/gerardo/Documentos/Iliberis/DWES/Symfony/meson/templates/bundles/TwigBundle"},{"@type":"Symfony\\Component\\Config\\Resource\\FileExistenceResource","exists":false,"resource":"/home/gerardo/Documentos/Iliberis/DWES/Symfony/meson/templates/bundles/StimulusBundle"},{"@type":"Symfony\\Component\\Config\\Resource\\FileExistenceResource","exists":false,"resource":"/home/gerardo/Documentos/Iliberis/DWES/Symfony/meson/templates/bundles/TurboBundle"},{"@type":"Symfony\\Component\\Config\\Resource\\FileExistenceResource","exists":false,"resource":"/home/gerardo/Documentos/Iliberis/DWES/Symfony/meson/templates/bundles/TwigExtraBundle"},{"@type":"Symfony\\Component\\Config\\Resource\\FileExistenceResource","exists":false,"resource":"/home/gerardo/Documentos/Iliberis/DWES/Symfony/meson/templates/bundles/SecurityBundle"},{"@type":"Symfony\\Component\\Config\\Resource\\FileExistenceResource","exists":false,"resource":"/home/gerardo/Documentos/Iliberis/DWES/Symfony/meson/templates/bundles/MonologBundle"},{"@type":"Symfony\\Component\\Config\\Resource\\FileExistenceResource","exists":true,"resource":"/home/gerardo/Documentos/Iliberis/DWES/Symfony/meson/templates/bundles/KnpPaginatorBundle"},{"@type":"Symfony\\Component\\Config\\Resource\\FileExistenceResource","exists":true,"resource":"/home/gerardo/Documentos/Iliberis/DWES/Symfony/meson/templates"},{"@type":"Symfony\\Component\\Config\\Resource\\ReflectionClassResource","files":{"/home/gerardo/Documentos/Iliberis/DWES/Symfony/meson/src/Kernel.php":null},"className":"App\\Kernel","hash":"c40ce0f9313f8039b6b48e7b744dc6bf"},{"@type":"Symfony\\Component\\Config\\Resource\\ClassExistenceResource","resource":"Jose\\Component\\Signature\\Algorithm\\ES256","exists":[false,null]},{"@type":"Symfony\\Component\\Config\\Resource\\ClassExistenceResource","resource":"Jose\\Component\\Signature\\Algorithm\\ES384","exists":[false,null]},{"@type":"Symfony\\Component\\Config\\Resource\\ClassExistenceResource","resource":"Jose\\Component\\Signature\\Algorithm\\ES512","exists":[false,null]},{"@type":"Symfony\\Component\\Config\\Resource\\ClassExistenceResource","resource":"Jose\\Component\\Signature\\Algorithm\\RS256","exists":[false,null]},{"@type":"Symfony\\Component\\Config\\Resource\\ClassExistenceResource","resource":"Jose\\Component\\Signature\\Algorithm\\RS384","exists":[false,null]},{"@type":"Symfony\\Component\\Config\\Resource\\ClassExistenceResource","resource":"Jose\\Component\\Signature\\Algorithm\\RS512","exists":[false,null]},{"@type":"Symfony\\Component\\Config\\Resource\\ClassExistenceResource","resource":"Jose\\Component\\Signature\\Algorithm\\PS256","exists":[false,null]},{"@type":"Symfony\\Component\\Config\\Resource\\ClassExistenceResource","resource":"Jose\\Component\\Signature\\Algorithm\\PS384","exists":[false,null]},{"@type":"Symfony\\Component\\Config\\Resource\\ClassExistenceResource","resource":"Jose\\Component\\Signature\\Algorithm\\PS512","exists":[false,null]}]}